{
  "macro_f1": 0.5085914115105564,
  "seconds": 2.184879779815674
}