{
  "macro_f1": 0.5432413042062044,
  "report": {
    "neither": {
      "precision": 0.9037992331822935,
      "recall": 0.7137352050646848,
      "f1-score": 0.7976007382343894,
      "support": 3633.0
    },
    "offensive": {
      "precision": 0.32821229050279327,
      "recall": 0.550351288056206,
      "f1-score": 0.4111986001749781,
      "support": 854.0
    },
    "hate": {
      "precision": 0.34325396825396826,
      "recall": 0.5440251572327044,
      "f1-score": 0.4209245742092457,
      "support": 318.0
    },
    "accuracy": 0.673465140478668,
    "macro avg": {
      "precision": 0.5250884973130184,
      "recall": 0.6027038834511984,
      "f1-score": 0.5432413042062044,
      "support": 4805.0
    },
    "weighted avg": {
      "precision": 0.7644018048169448,
      "recall": 0.673465140478668,
      "f1-score": 0.7039960668373586,
      "support": 4805.0
    }
  }
}