{
  "macro_f1": 0.5741124252664309,
  "report": {
    "neither": {
      "precision": 0.9053444945267225,
      "recall": 0.7945747386267307,
      "f1-score": 0.8463506395786305,
      "support": 3539.0
    },
    "offensive": {
      "precision": 0.41533546325878595,
      "recall": 0.47158403869407495,
      "f1-score": 0.4416761041902605,
      "support": 827.0
    },
    "hate": {
      "precision": 0.322061191626409,
      "recall": 0.6666666666666666,
      "f1-score": 0.43431053203040176,
      "support": 300.0
    },
    "accuracy": 0.7291041577368196,
    "macro avg": {
      "precision": 0.5475803831373058,
      "recall": 0.6442751479958241,
      "f1-score": 0.5741124252664309,
      "support": 4666.0
    },
    "weighted avg": {
      "precision": 0.7809933458493377,
      "recall": 0.7291041577368196,
      "f1-score": 0.7481342072960222,
      "support": 4666.0
    }
  }
}