{
  "macro_f1": 0.7023594703915567,
  "report": {
    "neither": {
      "precision": 0.968011811023622,
      "recall": 0.9576436222005842,
      "f1-score": 0.9627998042094958,
      "support": 2054.0
    },
    "offensive": {
      "precision": 0.48120300751879697,
      "recall": 0.4740740740740741,
      "f1-score": 0.47761194029850745,
      "support": 135.0
    },
    "hate": {
      "precision": 0.5858585858585859,
      "recall": 0.7733333333333333,
      "f1-score": 0.6666666666666666,
      "support": 75.0
    },
    "accuracy": 0.9227031802120141,
    "macro avg": {
      "precision": 0.6783578014670016,
      "recall": 0.7350170098693306,
      "f1-score": 0.7023594703915567,
      "support": 2264.0
    },
    "weighted avg": {
      "precision": 0.9263242313590773,
      "recall": 0.9227031802120141,
      "f1-score": 0.9240584848880755,
      "support": 2264.0
    }
  }
}