{
  "macro_f1": 0.45263975155279507,
  "report": {
    "neither": {
      "precision": 0.9024390243902439,
      "recall": 0.7254901960784313,
      "f1-score": 0.8043478260869565,
      "support": 153.0
    },
    "offensive": {
      "precision": 0.30434782608695654,
      "recall": 0.7241379310344828,
      "f1-score": 0.42857142857142855,
      "support": 29.0
    },
    "hate": {
      "precision": 0.3333333333333333,
      "recall": 0.07692307692307693,
      "f1-score": 0.125,
      "support": 13.0
    },
    "accuracy": 0.6820512820512821,
    "macro avg": {
      "precision": 0.5133733946035112,
      "recall": 0.5088504013453303,
      "f1-score": 0.45263975155279507,
      "support": 195.0
    },
    "weighted avg": {
      "precision": 0.7755517488285252,
      "recall": 0.6820512820512821,
      "f1-score": 0.7031732759993629,
      "support": 195.0
    }
  }
}