{
  "macro_f1": 0.6637799467033335,
  "report": {
    "neither": {
      "precision": 0.9748330765279918,
      "recall": 0.9240506329113924,
      "f1-score": 0.9487628092976755,
      "support": 2054.0
    },
    "offensive": {
      "precision": 0.35585585585585583,
      "recall": 0.5851851851851851,
      "f1-score": 0.4425770308123249,
      "support": 135.0
    },
    "hate": {
      "precision": 0.5368421052631579,
      "recall": 0.68,
      "f1-score": 0.6,
      "support": 75.0
    },
    "accuracy": 0.8957597173144877,
    "macro avg": {
      "precision": 0.6225103458823352,
      "recall": 0.7297452726988592,
      "f1-score": 0.6637799467033335,
      "support": 2264.0
    },
    "weighted avg": {
      "precision": 0.923414680929228,
      "recall": 0.8957597173144877,
      "f1-score": 0.9070259317389971,
      "support": 2264.0
    }
  }
}