{
  "macro_f1": 0.6372992941261105,
  "report": {
    "neither": {
      "precision": 0.9827120475418692,
      "recall": 0.8855890944498539,
      "f1-score": 0.9316261203585148,
      "support": 2054.0
    },
    "offensive": {
      "precision": 0.3204633204633205,
      "recall": 0.6148148148148148,
      "f1-score": 0.4213197969543147,
      "support": 135.0
    },
    "hate": {
      "precision": 0.4155844155844156,
      "recall": 0.8533333333333334,
      "f1-score": 0.5589519650655022,
      "support": 75.0
    },
    "accuracy": 0.8683745583038869,
    "macro avg": {
      "precision": 0.5729199278632019,
      "recall": 0.7845790808660008,
      "f1-score": 0.6372992941261105,
      "support": 2264.0
    },
    "weighted avg": {
      "precision": 0.9244354792766691,
      "recall": 0.8683745583038869,
      "f1-score": 0.8888514227849534,
      "support": 2264.0
    }
  }
}