{
  "macro_f1": 0.5902147521797171,
  "report": {
    "neither": {
      "precision": 0.8786477896561687,
      "recall": 0.8592822831308279,
      "f1-score": 0.8688571428571429,
      "support": 3539.0
    },
    "offensive": {
      "precision": 0.4488836662749706,
      "recall": 0.4619105199516324,
      "f1-score": 0.45530393325387364,
      "support": 827.0
    },
    "hate": {
      "precision": 0.4124293785310734,
      "recall": 0.4866666666666667,
      "f1-score": 0.44648318042813456,
      "support": 300.0
    },
    "accuracy": 0.7648949849978568,
    "macro avg": {
      "precision": 0.5799869448207375,
      "recall": 0.602619823249709,
      "f1-score": 0.5902147521797171,
      "support": 4666.0
    },
    "weighted avg": {
      "precision": 0.7725011001204253,
      "recall": 0.7648949849978568,
      "f1-score": 0.7684026436992761,
      "support": 4666.0
    }
  }
}