threshold,flagged,precision,recall
0.5,138,0.463768115942029,0.8533333333333334
0.55,128,0.4765625,0.8133333333333334
0.6,114,0.5087719298245614,0.7733333333333333
0.65,107,0.5420560747663551,0.7733333333333333
0.7,103,0.5631067961165048,0.7733333333333333
0.75,96,0.5833333333333334,0.7466666666666667
0.8,84,0.6309523809523809,0.7066666666666667
0.85,75,0.6533333333333333,0.6533333333333333
0.9,63,0.6666666666666666,0.56
0.95,49,0.6938775510204082,0.4533333333333333
