threshold,flagged,precision,recall
0.5,478,0.38493723849372385,0.6133333333333333
0.55,455,0.389010989010989,0.59
0.6,430,0.4,0.5733333333333334
0.65,397,0.41309823677581864,0.5466666666666666
0.7,375,0.42133333333333334,0.5266666666666666
0.75,347,0.4438040345821326,0.5133333333333333
0.8,317,0.45425867507886436,0.48
0.85,276,0.4746376811594203,0.43666666666666665
0.9,224,0.5133928571428571,0.38333333333333336
0.95,158,0.5506329113924051,0.29
