{
  "macro_f1": 0.6314791898494195,
  "report": {
    "neither": {
      "precision": 0.9797703663203936,
      "recall": 0.872444011684518,
      "f1-score": 0.9229976822044811,
      "support": 2054.0
    },
    "offensive": {
      "precision": 0.271523178807947,
      "recall": 0.6074074074074074,
      "f1-score": 0.37528604118993136,
      "support": 135.0
    },
    "hate": {
      "precision": 0.46616541353383456,
      "recall": 0.8266666666666667,
      "f1-score": 0.5961538461538461,
      "support": 75.0
    },
    "accuracy": 0.8551236749116607,
    "macro avg": {
      "precision": 0.5724863195540584,
      "recall": 0.7688393619195306,
      "f1-score": 0.6314791898494195,
      "support": 2264.0
    },
    "weighted avg": {
      "precision": 0.9205240139470843,
      "recall": 0.8551236749116607,
      "f1-score": 0.8795107744126252,
      "support": 2264.0
    }
  }
}