threshold,flagged,precision,recall
0.5,124,0.49193548387096775,0.8133333333333334
0.55,120,0.5,0.8
0.6,114,0.5175438596491229,0.7866666666666666
0.65,107,0.5327102803738317,0.76
0.7,103,0.5436893203883495,0.7466666666666667
0.75,98,0.5714285714285714,0.7466666666666667
0.8,91,0.5824175824175825,0.7066666666666667
0.85,83,0.6144578313253012,0.68
0.9,72,0.6527777777777778,0.6266666666666667
0.95,51,0.6862745098039216,0.4666666666666667
