{
  "macro_f1": 0.5896842117568869,
  "report": {
    "neither": {
      "precision": 0.8574098798397863,
      "recall": 0.907318451539983,
      "f1-score": 0.8816584294343767,
      "support": 3539.0
    },
    "offensive": {
      "precision": 0.5044091710758377,
      "recall": 0.34582829504232165,
      "f1-score": 0.4103299856527977,
      "support": 827.0
    },
    "hate": {
      "precision": 0.4406779661016949,
      "recall": 0.52,
      "f1-score": 0.47706422018348627,
      "support": 300.0
    },
    "accuracy": 0.7828975567938277,
    "macro avg": {
      "precision": 0.6008323390057729,
      "recall": 0.5910489155274349,
      "f1-score": 0.5896842117568869,
      "support": 4666.0
    },
    "weighted avg": {
      "precision": 0.7680504370045499,
      "recall": 0.7828975567938277,
      "f1-score": 0.7721070179936067,
      "support": 4666.0
    }
  }
}