threshold,flagged,precision,recall
0.5,514,0.35992217898832685,0.6166666666666667
0.55,481,0.3762993762993763,0.6033333333333334
0.6,443,0.3905191873589165,0.5766666666666667
0.65,409,0.40097799511002447,0.5466666666666666
0.7,378,0.41798941798941797,0.5266666666666666
0.75,350,0.43142857142857144,0.5033333333333333
0.8,316,0.4525316455696203,0.4766666666666667
0.85,281,0.47686832740213525,0.44666666666666666
0.9,238,0.5,0.39666666666666667
0.95,173,0.5375722543352601,0.31
