{
  "macro_f1": 0.5904472900902505,
  "report": {
    "neither": {
      "precision": 0.8590260963142319,
      "recall": 0.902232269002543,
      "f1-score": 0.8800992282249173,
      "support": 3539.0
    },
    "offensive": {
      "precision": 0.48976377952755906,
      "recall": 0.37605804111245467,
      "f1-score": 0.42544459644322846,
      "support": 827.0
    },
    "hate": {
      "precision": 0.4554140127388535,
      "recall": 0.4766666666666667,
      "f1-score": 0.46579804560260585,
      "support": 300.0
    },
    "accuracy": 0.7816116588084012,
    "macro avg": {
      "precision": 0.6014012961935481,
      "recall": 0.5849856589272214,
      "f1-score": 0.5904472900902505,
      "support": 4666.0
    },
    "weighted avg": {
      "precision": 0.7676279906444522,
      "recall": 0.7816116588084012,
      "f1-score": 0.7728789677726776,
      "support": 4666.0
    }
  }
}