{
  "macro_f1": 0.6980669215228498,
  "report": {
    "neither": {
      "precision": 0.9679960610536681,
      "recall": 0.9571567672833495,
      "f1-score": 0.9625458996328029,
      "support": 2054.0
    },
    "offensive": {
      "precision": 0.4583333333333333,
      "recall": 0.4888888888888889,
      "f1-score": 0.4731182795698925,
      "support": 135.0
    },
    "hate": {
      "precision": 0.6067415730337079,
      "recall": 0.72,
      "f1-score": 0.6585365853658537,
      "support": 75.0
    },
    "accuracy": 0.9213780918727915,
    "macro avg": {
      "precision": 0.6776903224735698,
      "recall": 0.7220152187240795,
      "f1-score": 0.6980669215228498,
      "support": 2264.0
    },
    "weighted avg": {
      "precision": 0.9256380421297536,
      "recall": 0.9213780918727915,
      "f1-score": 0.9232908522483002,
      "support": 2264.0
    }
  }
}