threshold,flagged,precision,recall
0.5,524,0.3606870229007634,0.63
0.55,489,0.37627811860940696,0.6133333333333333
0.6,451,0.3902439024390244,0.5866666666666667
0.65,406,0.41379310344827586,0.56
0.7,376,0.43617021276595747,0.5466666666666666
0.75,339,0.44837758112094395,0.5066666666666667
0.8,295,0.4610169491525424,0.4533333333333333
0.85,261,0.4827586206896552,0.42
0.9,209,0.5119617224880383,0.3566666666666667
0.95,146,0.5342465753424658,0.26
