{
  "macro_f1": 0.5721611228825435,
  "report": {
    "neither": {
      "precision": 0.8666666666666667,
      "recall": 0.934640522875817,
      "f1-score": 0.89937106918239,
      "support": 153.0
    },
    "offensive": {
      "precision": 0.6153846153846154,
      "recall": 0.5517241379310345,
      "f1-score": 0.5818181818181818,
      "support": 29.0
    },
    "hate": {
      "precision": 0.5,
      "recall": 0.15384615384615385,
      "f1-score": 0.23529411764705882,
      "support": 13.0
    },
    "accuracy": 0.8256410256410256,
    "macro avg": {
      "precision": 0.6606837606837607,
      "recall": 0.5467369382176684,
      "f1-score": 0.5721611228825435,
      "support": 195.0
    },
    "weighted avg": {
      "precision": 0.804852071005917,
      "recall": 0.8256410256410256,
      "f1-score": 0.807873458395101,
      "support": 195.0
    }
  }
}