{
  "macro_f1": 0.6975588470464511,
  "report": {
    "neither": {
      "precision": 0.9644249512670565,
      "recall": 0.9634858812074002,
      "f1-score": 0.9639551875304433,
      "support": 2054.0
    },
    "offensive": {
      "precision": 0.5,
      "recall": 0.4666666666666667,
      "f1-score": 0.4827586206896552,
      "support": 135.0
    },
    "hate": {
      "precision": 0.6046511627906976,
      "recall": 0.6933333333333334,
      "f1-score": 0.6459627329192547,
      "support": 75.0
    },
    "accuracy": 0.9249116607773852,
    "macro avg": {
      "precision": 0.6896920380192514,
      "recall": 0.7078286270691333,
      "f1-score": 0.6975588470464511,
      "support": 2264.0
    },
    "weighted avg": {
      "precision": 0.9248134660387971,
      "recall": 0.9249116607773852,
      "f1-score": 0.9247277270095309,
      "support": 2264.0
    }
  }
}