{
  "macro_f1": 0.638268541494348,
  "report": {
    "neither": {
      "precision": 0.8980891719745223,
      "recall": 0.9215686274509803,
      "f1-score": 0.9096774193548387,
      "support": 153.0
    },
    "offensive": {
      "precision": 0.6666666666666666,
      "recall": 0.8275862068965517,
      "f1-score": 0.7384615384615385,
      "support": 29.0
    },
    "hate": {
      "precision": 1.0,
      "recall": 0.15384615384615385,
      "f1-score": 0.26666666666666666,
      "support": 13.0
    },
    "accuracy": 0.8564102564102564,
    "macro avg": {
      "precision": 0.8549186128803963,
      "recall": 0.6343336627312287,
      "f1-score": 0.638268541494348,
      "support": 195.0
    },
    "weighted avg": {
      "precision": 0.8704665468996681,
      "recall": 0.8564102564102564,
      "f1-score": 0.8413471612479058,
      "support": 195.0
    }
  }
}