threshold,flagged,precision,recall
0.5,76,0.6447368421052632,0.6533333333333333
0.55,67,0.6865671641791045,0.6133333333333333
0.6,59,0.6779661016949152,0.5333333333333333
0.65,43,0.7209302325581395,0.41333333333333333
0.7,40,0.725,0.38666666666666666
0.75,28,0.8571428571428571,0.32
0.8,17,0.8235294117647058,0.18666666666666668
0.85,9,0.8888888888888888,0.10666666666666667
0.9,1,1.0,0.013333333333333334
