{
  "macro_f1": 0.6202762628964599,
  "report": {
    "neither": {
      "precision": 0.9424860853432282,
      "recall": 0.9892891918208374,
      "f1-score": 0.9653206650831354,
      "support": 2054.0
    },
    "offensive": {
      "precision": 0.6486486486486487,
      "recall": 0.17777777777777778,
      "f1-score": 0.27906976744186046,
      "support": 135.0
    },
    "hate": {
      "precision": 0.6338028169014085,
      "recall": 0.6,
      "f1-score": 0.6164383561643836,
      "support": 75.0
    },
    "accuracy": 0.9280035335689046,
    "macro avg": {
      "precision": 0.7416458502977618,
      "recall": 0.5890223231995383,
      "f1-score": 0.6202762628964599,
      "support": 2264.0
    },
    "weighted avg": {
      "precision": 0.9147390451104964,
      "recall": 0.9280035335689046,
      "f1-score": 0.9128427302993553,
      "support": 2264.0
    }
  }
}