{
  "macro_f1": 0.5850088183421517,
  "report": {
    "neither": {
      "precision": 0.9633699633699634,
      "recall": 0.9850187265917603,
      "f1-score": 0.9740740740740741,
      "support": 267.0
    },
    "offensive": {
      "precision": 0.4444444444444444,
      "recall": 0.3333333333333333,
      "f1-score": 0.38095238095238093,
      "support": 12.0
    },
    "hate": {
      "precision": 1.0,
      "recall": 0.25,
      "f1-score": 0.4,
      "support": 4.0
    },
    "accuracy": 0.9469964664310954,
    "macro avg": {
      "precision": 0.8026048026048026,
      "recall": 0.5227840199750312,
      "f1-score": 0.5850088183421517,
      "support": 283.0
    },
    "weighted avg": {
      "precision": 0.9418837934738994,
      "recall": 0.9469964664310954,
      "f1-score": 0.940809916428291,
      "support": 283.0
    }
  }
}