threshold,flagged,precision,recall
0.5,145,0.42758620689655175,0.8266666666666667
0.55,139,0.4460431654676259,0.8266666666666667
0.6,131,0.46564885496183206,0.8133333333333334
0.65,122,0.48360655737704916,0.7866666666666666
0.7,115,0.4956521739130435,0.76
0.75,114,0.5,0.76
0.8,101,0.5346534653465347,0.72
0.85,94,0.5531914893617021,0.6933333333333334
0.9,83,0.5783132530120482,0.64
0.95,61,0.6065573770491803,0.49333333333333335
