{
  "macro_f1": 0.6090777975642635,
  "report": {
    "neither": {
      "precision": 0.9807268722466961,
      "recall": 0.8670886075949367,
      "f1-score": 0.9204134366925064,
      "support": 2054.0
    },
    "offensive": {
      "precision": 0.2705479452054795,
      "recall": 0.5851851851851851,
      "f1-score": 0.3700234192037471,
      "support": 135.0
    },
    "hate": {
      "precision": 0.3974358974358974,
      "recall": 0.8266666666666667,
      "f1-score": 0.5367965367965368,
      "support": 75.0
    },
    "accuracy": 0.848939929328622,
    "macro avg": {
      "precision": 0.5495702382960242,
      "recall": 0.7596468198155962,
      "f1-score": 0.6090777975642635,
      "support": 2264.0
    },
    "weighted avg": {
      "precision": 0.9190568288450292,
      "recall": 0.848939929328622,
      "f1-score": 0.8748860869340346,
      "support": 2264.0
    }
  }
}