{
  "macro_f1": 0.5832181838467237,
  "report": {
    "neither": {
      "precision": 0.9008746355685131,
      "recall": 0.785815202034473,
      "f1-score": 0.8394204648354965,
      "support": 3539.0
    },
    "offensive": {
      "precision": 0.3754716981132076,
      "recall": 0.48125755743651755,
      "f1-score": 0.42183359830418654,
      "support": 827.0
    },
    "hate": {
      "precision": 0.3853564547206166,
      "recall": 0.6666666666666666,
      "f1-score": 0.4884004884004884,
      "support": 300.0
    },
    "accuracy": 0.724174882126018,
    "macro avg": {
      "precision": 0.5539009294674457,
      "recall": 0.6445798087125524,
      "f1-score": 0.5832181838467237,
      "support": 4666.0
    },
    "weighted avg": {
      "precision": 0.7746072366122537,
      "recall": 0.724174882126018,
      "f1-score": 0.7428387392564362,
      "support": 4666.0
    }
  }
}