{
  "macro_f1": 0.5626333194124287,
  "report": {
    "neither": {
      "precision": 0.8588365039977943,
      "recall": 0.8801921446736366,
      "f1-score": 0.8693831984370639,
      "support": 3539.0
    },
    "offensive": {
      "precision": 0.42993197278911566,
      "recall": 0.38210399032648124,
      "f1-score": 0.4046094750320102,
      "support": 827.0
    },
    "hate": {
      "precision": 0.41118421052631576,
      "recall": 0.4166666666666667,
      "f1-score": 0.4139072847682119,
      "support": 300.0
    },
    "accuracy": 0.7621088726960994,
    "macro avg": {
      "precision": 0.5666508957710753,
      "recall": 0.5596542672222615,
      "f1-score": 0.5626333194124287,
      "support": 4666.0
    },
    "weighted avg": {
      "precision": 0.7540358749041336,
      "recall": 0.7621088726960994,
      "f1-score": 0.7577221089907213,
      "support": 4666.0
    }
  }
}