{
  "macro_f1": 0.5688399782174903,
  "report": {
    "neither": {
      "precision": 0.8992805755395683,
      "recall": 0.7770556654422153,
      "f1-score": 0.8337122934667273,
      "support": 3539.0
    },
    "offensive": {
      "precision": 0.3844678811121764,
      "recall": 0.4848851269649335,
      "f1-score": 0.4288770053475936,
      "support": 827.0
    },
    "hate": {
      "precision": 0.3398230088495575,
      "recall": 0.64,
      "f1-score": 0.4439306358381503,
      "support": 300.0
    },
    "accuracy": 0.7164594942134591,
    "macro avg": {
      "precision": 0.541190488500434,
      "recall": 0.6339802641357163,
      "f1-score": 0.5688399782174903,
      "support": 4666.0
    },
    "weighted avg": {
      "precision": 0.7720651086946355,
      "recall": 0.7164594942134591,
      "f1-score": 0.7368984742290298,
      "support": 4666.0
    }
  }
}