{
  "macro_f1": 0.6498086460357373,
  "report": {
    "neither": {
      "precision": 0.9698340874811463,
      "recall": 0.939143135345667,
      "f1-score": 0.9542418995795201,
      "support": 2054.0
    },
    "offensive": {
      "precision": 0.3776595744680851,
      "recall": 0.5259259259259259,
      "f1-score": 0.43962848297213625,
      "support": 135.0
    },
    "hate": {
      "precision": 0.5172413793103449,
      "recall": 0.6,
      "f1-score": 0.5555555555555556,
      "support": 75.0
    },
    "accuracy": 0.9032685512367491,
    "macro avg": {
      "precision": 0.6215783470865254,
      "recall": 0.6883563537571976,
      "f1-score": 0.6498086460357373,
      "support": 2264.0
    },
    "weighted avg": {
      "precision": 0.9195301950917588,
      "recall": 0.9032685512367491,
      "f1-score": 0.910348663252756,
      "support": 2264.0
    }
  }
}