{
  "macro_f1": 0.6711603234643101,
  "report": {
    "neither": {
      "precision": 0.9600195026816187,
      "recall": 0.9586173320350535,
      "f1-score": 0.9593179049939099,
      "support": 2054.0
    },
    "offensive": {
      "precision": 0.4696969696969697,
      "recall": 0.45925925925925926,
      "f1-score": 0.46441947565543074,
      "support": 135.0
    },
    "hate": {
      "precision": 0.5679012345679012,
      "recall": 0.6133333333333333,
      "f1-score": 0.5897435897435898,
      "support": 75.0
    },
    "accuracy": 0.9174028268551236,
    "macro avg": {
      "precision": 0.6658725689821633,
      "recall": 0.677069974875882,
      "f1-score": 0.6711603234643101,
      "support": 2264.0
    },
    "weighted avg": {
      "precision": 0.917792288873555,
      "recall": 0.9174028268551236,
      "f1-score": 0.91756465340183,
      "support": 2264.0
    }
  }
}