threshold,flagged,precision,recall
0.5,258,0.49224806201550386,0.42333333333333334
0.55,218,0.5137614678899083,0.37333333333333335
0.6,183,0.5355191256830601,0.32666666666666666
0.65,142,0.5563380281690141,0.2633333333333333
0.7,106,0.6132075471698113,0.21666666666666667
0.75,69,0.6956521739130435,0.16
0.8,36,0.7777777777777778,0.09333333333333334
0.85,16,0.8125,0.043333333333333335
0.9,2,1.0,0.006666666666666667
0.95,1,1.0,0.0033333333333333335
