{
  "macro_f1": 0.5950599366026567,
  "report": {
    "neither": {
      "precision": 0.8565768621236133,
      "recall": 0.9163605538287651,
      "f1-score": 0.8854607508532423,
      "support": 3539.0
    },
    "offensive": {
      "precision": 0.5204778156996587,
      "recall": 0.3688029020556227,
      "f1-score": 0.4317055909412597,
      "support": 827.0
    },
    "hate": {
      "precision": 0.47278911564625853,
      "recall": 0.4633333333333333,
      "f1-score": 0.468013468013468,
      "support": 300.0
    },
    "accuracy": 0.7901843120445778,
    "macro avg": {
      "precision": 0.6166145978231768,
      "recall": 0.5828322630725737,
      "f1-score": 0.5950599366026567,
      "support": 4666.0
    },
    "weighted avg": {
      "precision": 0.772331205172088,
      "recall": 0.7901843120445778,
      "f1-score": 0.7781976342439105,
      "support": 4666.0
    }
  }
}